,IP,Port,URL,Inverter Type,Latitude,Longitude,Title,Other,Capacity,# of Microinverters
1,72.253.91.145,8021,http://72.253.91.145:8021/57A4C/,egauge,21.3374,-158.09676,HT Kapolei CO,,35.32,
2,72.234.167.53,8021,http://72.234.167.53:8021/58863/,egauge,21.4504,-158.01503,HiTel - Kalaoa,,15.39,
3,72.234.98.152,8021,http://72.234.98.152:8021/58863/,egauge,21.4504,-158.01503,HT Naalehu CO,,14.04,
4,72.235.206.19,8021,http://72.235.206.19:8021/57A4C/,egauge,21.28906,-157.71734,HT Koko Head CO,,37.65,
5,76.81.97.38,80,http://76.81.97.38/5D813/,egauge,21.4504,-158.01503,Kalani Gardens,modbus server,75.37,
6,72.235.214.165,8021,http://72.235.214.165:8021/58E55/,egauge,21.30694,-157.85833,HT - Manoa,,17.03,
7,76.93.220.246,80,http://76.93.220.246/5AA89/,egauge,21.2941,-157.8284,eGauge Center,modbus server,0,
8,72.235.242.223,8021,http://72.235.242.223:8021/57A4C/,egauge,21.39734,-157.97516,HT Pearl City CO,,62.86,
9,76.93.192.134,80,http://76.93.192.134/5AA89/,egauge,21.33555,-158.0582,Community Building - Ohana Ola O Kahumana,,18.47,
10,72.235.214.71,8021,http://72.235.214.71:8021/57A4C/,egauge,21.30694,-157.85833,HT Moanalua CO,,60.44,
11,72.253.154.144,8021,http://72.253.154.144:8021/57A4C/,egauge_sma,21.30694,-157.85833,HT Moanalua Baseyard Building D,,144.99,
12,72.235.111.89,8021,http://72.235.111.89:8021/,egauge,21.4504,-158.01503,HT2 - Kailua,,57.11,
13,72.253.154.150,8021,http://72.253.154.150:8021/57A4C/,egauge_sma,21.30694,-157.85833,Moanalua Baseyard Bldg C1,,66.73,
14,72.253.106.123,8021,http://72.253.106.123:8021/57A4C/,egauge_sma,21.4504,-158.01503,Hi-Tel Wavecom,,72.98,
15,66.8.183.249,80,http://66.8.183.249/home,enphase,21.33555,-158.0582,home,,140,14
16,76.88.171.112,80,http://76.88.171.112/home,enphase,21.2887,-157.8006,home,,0,0
17,98.151.18.2,80,http://98.151.18.2/home,enphase,21.39734,-157.97516,home,,240,24
18,98.150.235.216,80,http://98.150.235.216/home,enphase,21.39994,-157.79895,home,,300,30
19,98.151.229.56,80,http://98.151.229.56/home,enphase,21.4504,-158.01503,home,,140,14
20,141.239.159.108,80,http://141.239.159.108/home,enphase,21.30694,-157.85833,home,,140,14
21,98.151.174.9,80,http://98.151.174.9/home,enphase,21.39734,-157.97516,home,,270,27
22,66.8.215.54,80,http://66.8.215.54/home,enphase,21.3179,-157.8521,home,,120,12
23,66.91.104.226,80,http://66.91.104.226/home,enphase,21.39734,-157.97516,home,,100,10
24,50.113.6.199,80,http://50.113.6.199/home,enphase,21.2941,-157.8284,home,,180,18
25,76.88.131.212,80,http://76.88.131.212/home,enphase,21.3179,-157.8521,home,,360,36
26,98.155.81.84,80,http://98.155.81.84/home,enphase,21.39734,-157.97516,home,,270,27
27,50.113.24.39,80,http://50.113.24.39/home,enphase,21.4504,-158.01503,home,,300,30
28,72.130.219.229,80,http://72.130.219.229/home,enphase,21.2887,-157.8006,home,,370,37
29,98.155.91.146,80,http://98.155.91.146/home,enphase,21.39734,-157.97516,home,,350,35
30,76.88.157.36,80,http://76.88.157.36/home,enphase,21.38667,-158.00917,home,,1080,108
31,66.75.111.17,80,http://66.75.111.17/home,enphase,21.4504,-158.01503,home,,7.65,
32,141.239.106.219,81,http://141.239.106.219:81/home,enphase,21.40241,-157.74054,home,,0,0
33,98.155.123.157,80,http://98.155.123.157/home,enphase,21.4504,-158.01503,home,,320,32
34,141.239.216.176,80,http://141.239.216.176/home,enphase,21.4504,-158.01503,home,,7.65,
35,98.155.208.143,80,http://98.155.208.143/home,enphase,21.2987,-157.6985,home,,260,26
36,66.91.205.99,80,http://66.91.205.99/home,enphase,21.2941,-157.8284,home,,1130,113
37,98.151.174.67,80,http://98.151.174.67/home,enphase,21.39734,-157.97516,home,Authorization Required,7.65,
38,66.91.0.143,80,http://66.91.0.143/home,enphase,21.3274,-158.0103,home,,190,19
39,76.173.128.214,80,http://76.173.128.214/home,enphase,21.3274,-158.0103,home,,240,24
40,66.8.211.71,80,http://66.8.211.71/home,enphase,21.3179,-157.8521,home,,7.65,
41,98.150.156.195,80,http://98.150.156.195/home,enphase,21.2887,-157.8006,home,,410,41
42,66.75.91.194,80,http://66.75.91.194/home,enphase,21.2887,-157.8006,home,,170,17
43,24.25.236.8,80,http://24.25.236.8/home,enphase,21.3179,-157.8521,home,,280,28
44,66.91.210.199,80,http://66.91.210.199/home,enphase,21.2887,-157.8006,home,Authorization Required,7.65,
45,72.130.164.254,80,http://72.130.164.254/home,enphase,21.39734,-157.97516,home,,220,22
46,72.235.195.13,80,http://72.235.195.13/home,enphase,21.4504,-158.01503,home,,7.65,
47,66.91.46.18,80,http://66.91.46.18/home,enphase,21.2887,-157.8006,home,,160,16
48,72.235.56.235,80,http://72.235.56.235/home,enphase,21.39734,-157.97516,home,,180,18
49,147.81.113.100,80,http://147.81.113.100/home,enphase,21.30694,-157.85833,home,,260,26
50,72.130.135.228,80,http://72.130.135.228/home,enphase,21.38667,-158.00917,home,,200,20
51,66.27.192.10,80,http://66.27.192.10/home,enphase,21.39994,-157.79895,home,,7.65,
52,50.113.27.137,80,http://50.113.27.137/home,enphase,21.4504,-158.01503,home,,7.65,
53,98.150.153.229,80,http://98.150.153.229/home,enphase,21.2887,-157.8006,home,,1180,118
54,66.91.116.100,80,http://66.91.116.100/home,enphase,21.3488,-157.8759,home,,300,30
55,98.151.5.172,80,http://98.151.5.172/home,enphase,21.39734,-157.97516,home,Authorization Required,7.65,
56,72.234.224.95,80,http://72.234.224.95/home,enphase,21.31556,-158.00722,home,,220,22
57,98.155.193.212,80,http://98.155.193.212/home,enphase,21.2987,-157.6985,home,,7.65,
58,98.151.168.9,80,http://98.151.168.9/home,enphase,21.38667,-158.00917,home,,2040,204
59,98.155.112.77,80,http://98.155.112.77/home,enphase,21.4504,-158.01503,home,,330,33
60,75.85.137.239,80,http://75.85.137.239/home,enphase,21.38667,-158.00917,home,,100,10
61,66.75.106.165,80,http://66.75.106.165/home,enphase,21.4504,-158.01503,home,Authorization Required,7.65,
64,98.151.172.13,80,http://98.151.172.13/,solar edge,21.39734,-157.97516,,,0.184,
65,72.253.147.163,8080,http://72.253.147.163:8080/,IoTaWatt,21.30694,-157.85833,,,6.78,
66,75.85.138.69,80,http://75.85.138.69/,solar edge,21.38667,-158.00917,,,0.184,
67,104.128.110.11,80,http://104.128.110.11/,Fronius,21.30694,-157.85833,Tower B,,99.9,
68,67.52.64.20,80,http://67.52.64.20/,Fronius,21.3488,-157.8759,Mercury PV System,,72,
69,147.81.13.226,80,http://147.81.13.226/,SMA,21.33555,-158.0582,STP33-US-41,Authorization Required,33,
70,192.154.161.251,443,https://192.154.161.251/webui,SMA,21.30694,-157.85833,SMA Data Manager M,Authorization Required,33,
71,141.239.104.192,80,http://141.239.104.192,Outback Power,21.40241,-157.74054,Clemente Off Grid,,10.05,
72,98.155.74.57,80,http://98.155.74.57/,SunPower,21.4504,-158.01503,SunPower PV Supervisor Management Console,,0.184,
73,72.130.217.111,80,http://72.130.217.111/,SunPower,21.2887,-157.8006,SunPower PV Supervisor Management Console,,0.184,
74,,14573,http://72.130.217.111:14573/index.php,SolarBridge Technologies,21.2887,-157.8006,,,0.184,
75,72.130.223.16,14573,http://72.130.223.16:14573/index.php,SunPower / SolarBridge,21.2887,-157.8006,,,540,54
76,174.47.79.216,61001,http://174.47.79.216:61001/,egauge_sma,21.4504,-158.01503,Hanalani SAC,,233.2,
77,72.253.147.160,8021,http://72.253.147.160:8021/,egauge_sma,21.30694,-157.85833,HT Keauhou CO,,31.76,
78,141.239.94.178,80,http://141.239.94.178/,SMA,21.33555,-158.0582,STP33-US-41,,33,
79,141.239.93.89,443,http://141.239.93.89/,SMA,21.33555,-158.0582,STP33-US-41,,33,
80,147.81.10.59,80,http://147.81.10.59/,SMA,21.33555,-158.0582,STP33-US-41,,33,
81,147.81.10.175,80,http://147.81.10.175/,SMA,21.33555,-158.0582,STP33-US-41,,33,
82,76.88.150.54,80,http://76.88.150.54/home,enphase,21.3274,-158.0103,home,,60,6
83,76.173.130.245,80,http://76.173.130.245/home,enphase,21.3274,-158.0103,home,,270,27
84,98.150.216.211,80,http://98.150.216.211/home,enphase,21.39994,-157.79895,home,,240,24
85,141.239.110.187,80,http://141.239.110.187/home,enphase,21.40241,-157.74054,home,,310,31
86,72.130.166.3,80,http://72.130.166.3/home,enphase,21.39734,-157.97516,home,,160,16
87,98.150.144.170,80,http://98.150.144.170/home,enphase,21.2887,-157.8006,home,,380,38
88,147.81.123.162,80,http://147.81.123.162/home,enphase,21.30694,-157.85833,home,,200,20
89,147.81.127.4,80,http://147.81.127.4/home,enphase,21.30694,-157.85833,home,,80,8
90,72.130.200.145,80,http://72.130.200.145/home,enphase,21.4504,-158.01503,home,,460,46
91,141.239.212.47,6172,http://141.239.212.47:6172/home,enphase,21.28906,-157.71734,home,,270,27
92,66.91.36.200,8181,http://66.91.36.200:8181/,solar edge,21.3488,-157.8759,,error 403 - forbidden,0.184,
93,76.83.133.167,8181,http://76.83.133.167:8181/,solar edge,21.2941,-157.8284,,error 403 - forbidden,0.184,
94,72.235.214.165,8052,http://72.235.214.165:8052/,ABB,21.311953,-157.809662,CDD Webserver,same ip as “HT-Manoa”,9,30
95,,8053,http://72.235.214.165:8053/,ABB,21.31,-157.81,CDD Webserver,same ip as “HT-Manoa”,2.7,9
96,98.155.85.63,443,http://98.155.85.63/home,enphase envoy,21.39734,-157.97516,,,7.65,
97,141.239.106.187,443,http://141.239.106.187/home,enphase envoy,21.40241,-157.74054,,,7.65,
98,98.151.15.1,443,http://98.151.15.1/home,enphase envoy,21.39734,-157.97516,,,7.65,
99,72.235.154.26,443,http://72.235.154.26/home,enphase envoy,21.4504,-158.01503,,,7.65,
100,98.155.117.210,443,http://98.155.117.210/home,enphase envoy,21.4504,-158.01503,,,7.65,
101,72.130.73.233,443,http://72.130.73.233/home,enphase envoy,21.34614,-157.7238,home,,7.65,
102,76.173.178.207,80,http://76.173.178.207/home,enphase,21.34614,-157.7238,home,,160,16
103,76.173.178.37,80,http://76.173.178.37/home,enphase,21.34614,-157.7238,home,,450,45
104,72.235.149.137,443,http://72.235.149.137/home,enphase envoy,21.4504,-158.01503,home,,7.65,
105,72.130.61.53,8082,http://72.130.61.53:8082/,enphase,21.4504,-158.01503,,Authorization Required,7.65,
106,141.239.230.101,8082,http://141.239.230.101:8082/,enphase,21.4504,-158.01503,,Authorization Required,7.65,
107,141.239.105.69,8082,http://141.239.105.69:8082/,enphase,21.4504,-158.01503,,Authorization Required,7.65,
108,173.197.99.36,8201,http://173.197.99.36:8201/,SMA,21.33993,-158.12562,SMA Cluster Controller,only login page,33,
109,98.154.117.74,85,http://98.154.117.74:85/,SMA,21.33555,-158.0582,SMA Cluster Controller,,33,
110,74.203.87.171,80,http://74.203.87.171/,egauge,21.30694,-157.85833,,sign in required,32.66,
111,147.81.8.60,80,http://147.81.8.60/,egauge,21.30694,-157.85833,Element Canopy 4 Building 6,modbus server,32.64,
112,141.239.94.151,80,http://141.239.94.151/,egauge,21.33555,-158.0582,Element Canopy 2 Building 2,modbus server,30,
113,147.81.14.9,80,http://147.81.14.9/,egauge,21.33555,-158.0582,Element Canopy 7 Building 11,modbus server,32.65,
114,50.113.4.224,80,http://50.113.4.224/,egauge,21.2941,-157.8284,Royal Aloha - Commercial,modbus server,0,
115,141.239.171.196,80,http://141.239.171.196,egauge,21.4504,-158.01503,Element Canopy 6 Building 12,modbus server,47.44,
116,72.235.10.166,80,http://72.235.10.166/,egauge,21.33555,-158.0582,Element Canopy 3 Building 7,modbus server,45.39,
117,76.173.120.241,80,http://76.173.120.241/,egauge,21.3179,-157.8521,eGauge Center,modbus server,0,
118,74.203.87.170,80,http://74.203.87.170/,egauge,21.30694,-157.85833,,sign in required,32.66,
119,98.155.89.244,80,http://98.155.89.244/,egauge,21.39734,-157.97516,Okinawan Center Tenant Water Meters,modbus server,3008,
120,141.239.94.188,80,http://141.239.94.188/,egauge,21.33555,-158.0582,Element Canopy 3 Building 5,modbus server,45.39,
121,147.81.13.185,80,http://147.81.13.185/,egauge,21.33555,-158.0582,Element Canopy 2 Building 4,modbus server,30.78,
122,141.239.95.236,80,http://141.239.95.236,egauge,21.33555,-158.0582,Element Canopy 7 Building 13,modbus server,42.26,
123,141.239.92.175,80,http://141.239.92.175/,egauge,21.4504,-158.01503,Element Canopy 6 Building 14,modbus server,47.95,
124,141.239.92.255,80,http://141.239.92.255/,egauge,21.33555,-158.0582,Element Canopy 1 Building 1,modbus server,32.75,
125,72.234.255.2,80,http://72.234.255.2/,egauge,21.4504,-158.01503,Hale Pau Hana Low-Rise Building C,modbus server,0,
126,76.173.116.187,80,http://76.173.116.187/,egauge,21.3179,-157.8521,Lusitana Hale,modbus server,35.55,
127,74.203.87.169,80,http://74.203.87.169/,egauge,21.30694,-157.85833,,sign in required,32.66,
128,72.234.131.58,1080,http://72.234.131.58:1080/,egauge,21.34614,-157.7238,eGauge Center,modbus server,0,
129,141.239.94.235,80,http://141.239.94.235/,egauge,21.33555,-158.0582,Element Canopy 4 Building 8,modbus server,32,
130,141.239.168.42,80,http://141.239.168.42/,egauge,21.4504,-158.01503,Element Canopy 5 Building 9,modbus server,97.4,
131,66.8.247.47,80,http://66.8.247.47/,egauge,21.4504,-158.01503,eGauge Center,sign in bypassed,21.27,
132,72.253.238.126,80,http://72.253.238.126/,egauge,21.30694,-157.85833,Furuya Enterprises,modbus server,39.37,
133,72.234.167.238,8021,http://72.234.167.238:8021/,egauge,21.59284,-158.10339,HT Waialua CO,,14.8,
134,66.75.89.101,80,http://66.75.89.101/,egauge,21.2887,-157.8006,,sign in required,32.66,
135,72.253.171.148,8021,http://72.253.171.148:8021/,egauge,21.30694,-157.85833,HT Kalaheo CO,,15.87,
136,72.234.204.157,8021,http://72.234.204.157:8021/,egauge,21.4504,-158.01503,HT Makaha CO,,41.68,
137,72.235.207.125,8021,http://72.235.207.125:8021/,egauge,21.4504,-158.01503,HT Mililani Mauka CO,,19.81,
138,72.253.171.232,8021,http://72.253.171.232:8021/,egauge,21.30694,-157.85833,HT Lihue Baseyard,,29.98,
139,72.234.53.148,8021,http://72.234.53.148:8021/,egauge,21.4504,-158.01503,HT Soda Creek CO,,29.25,
140,72.234.204.171,8021,http://72.234.204.171:8021/,egauge,21.43785,-158.18555,HT Waianae CO,,26.2,
142,50.113.47.66,8082,http://50.113.47.66:8082/,enphase envoy,21.2941,-157.8284,,Authorization Required,7.65,
143,24.94.92.171,8082,http://24.94.92.171:8082/,enphase envoy,21.33555,-158.0582,,Authorization Required,7.65,
144,98.155.81.73,8082,http://98.155.81.73:8082/,enphase,21.39734,-157.97516,,Authorization Required,7.65,
145,24.165.37.23,8082,http://24.165.37.23:8082/,enphase envoy,21.33555,-158.0582,,Authorization Required,7.65,
146,98.151.25.110,8082,http://98.151.25.110:8082/,enphase,21.39734,-157.97516,,Authorization Required,7.65,
147,66.91.229.51,80,http://66.91.229.51/home,enphase envoy,21.39734,-157.97516,,,2900,290
148,76.173.199.122,80,http://76.173.199.122/home,enphase envoy,21.39994,-157.79895,,,460,46
149,98.150.179.47,443,http://98.150.179.47/home,enphase envoy,21.33555,-158.0582,,,7.65,
150,72.234.241.81,80,http://72.234.241.81/home,enphase envoy,21.30694,-157.85833,,,160,16
151,76.83.179.35,80,http://76.83.179.35/home,enphase envoy,21.34614,-157.7238,,,860,86
152,76.173.231.251,443,http://76.173.231.251/,enphase envoy,21.3488,-157.8759,,,7.65,
153,141.239.152.159,80,http://141.239.152.159/home,enphase envoy,21.30694,-157.85833,,,7.65,
154,76.88.148.91,8082,http://76.88.148.91:8082/,enphase envoy,21.3274,-158.0103,,Authorization Required,7.65,
155,66.91.224.73,8082,http://66.91.224.73:8082/,enphase envoy,21.2941,-157.8284,,Authorization Required,7.65,
156,98.151.9.71,8082,http://98.151.9.71:8082/,enphase envoy,21.39734,-157.97516,,Authorization Required,7.65,
157,98.151.4.149,8082,http://98.151.4.149:8082/,enphase envoy,21.39734,-157.97516,,Authorization Required,7.65,
158,72.130.135.156,8082,http://72.130.135.156:8082/,enphase,21.38667,-158.00917,,Authorization Required,7.65,
159,66.75.91.69,443,http://66.75.91.69/home,enphase envoy,21.2887,-157.8006,,,7.65,
160,76.83.155.14,8082,http://76.83.155.14:8082/,enphase,21.2941,-157.8284,,Authorization Required,7.65,
161,98.150.235.214,8082,http://98.150.235.214:8082/,enphase,21.39994,-157.79895,,Authorization Required,7.65,
162,72.130.160.239,8082,http://72.130.160.239:8082/,enphase,21.39734,-157.97516,,Authorization Required,7.65,
163,72.234.98.152,8031,http://72.234.98.152:8031/,enphase envoy,21.4504,-158.01503,same ip as HT Naalehu CO above,,540,54
164,50.113.27.143,80,http://50.113.27.143/home,enphase envoy,21.4504,-158.01503,,,3210,321
165,76.173.89.118,8082,http://76.173.89.118:8082/,enphase,21.39994,-157.79895,,Authorization Required,7.65,
166,72.130.219.216,8082,http://72.130.219.216:8082/,enphase,21.2887,-157.8006,,Authorization Required,7.65,
167,72.234.121.228,8082,http://72.234.121.228:8082/,enphase,21.31066,-158.03638,,Authorization Required,7.65,
168,66.75.100.26,8082,http://66.75.100.26:8082/,enphase,21.2887,-157.8006,,Authorization Required,7.65,
169,72.130.160.112,80,http://72.130.160.112/home,enphase envoy,21.39734,-157.97516,,,7.65,
170,66.8.130.166,80,http://66.8.130.166/home,enphase envoy,21.33555,-158.0582,,,7.65,
171,141.239.81.53,80,http://141.239.81.53/home,enphase envoy,21.41823,-157.99906,,,7.65,
172,76.93.214.8,80,http://76.93.214.8/home,enphase envoy,21.2941,-157.8284,,,7.65,
173,76.93.216.120,80,http://76.93.216.120/home,enphase envoy,21.2941,-157.8284,,,7.65,
174,66.75.89.81,80,http://66.75.89.81/home,enphase envoy,21.2887,-157.8006,,,7.65,
175,72.234.218.246,80,http://72.234.218.246/home,enphase envoy,21.30694,-157.85833,,,7.65,
176,72.130.76.26,80,http://72.130.76.26/home,enphase envoy,21.34614,-157.7238,,,7.65,
177,66.91.168.161,80,http://66.91.168.161/home,enphase envoy,21.3179,-157.8521,,,7.65,
178,141.239.97.242,80,http://141.239.97.242/home,enphase envoy,21.40241,-157.74054,,,7.65,
179,66.75.90.138,80,http://66.75.90.138/home,enphase envoy,21.2887,-157.8006,,,7.65,
180,76.83.163.199,80,http://76.83.163.199/home,enphase envoy,21.3179,-157.8521,,,7.65,
181,98.155.85.12,80,http://98.155.85.12/home,enphase envoy,21.39734,-157.97516,,,7.65,
182,141.239.156.220,80,http://141.239.156.220/home,enphase envoy,21.30694,-157.85833,,,7.65,
183,66.8.253.33,80,http://66.8.253.33/home,enphase envoy,21.2887,-157.8006,,,7.65,
184,72.235.163.106,80,http://72.235.163.106/home,enphase envoy,21.4504,-158.01503,,,7.65,
185,72.235.230.183,80,http://72.235.230.183/home,enphase envoy,21.30694,-157.85833,,,7.65,
186,75.85.102.223,80,http://75.85.102.223/home,enphase envoy,21.33555,-158.0582,,,7.65,
187,72.130.101.76,80,http://72.130.101.76/home,enphase envoy,21.33555,-158.0582,,,7.65,
188,147.81.117.130,80,http://147.81.117.130/home,enphase envoy,21.30694,-157.85833,,,7.65,
189,98.151.241.255,80,http://98.151.241.255/home,enphase envoy,21.4504,-158.01503,,,7.65,
190,98.151.234.133,80,http://98.151.234.133/home,enphase envoy,21.4504,-158.01503,,,7.65,
191,98.155.84.85,80,http://98.155.84.85/home,enphase envoy,21.39734,-157.97516,,,7.65,
192,75.85.33.210,80,http://75.85.33.210/home,enphase envoy,21.3179,-157.8521,,,7.65,
193,75.85.110.219,80,http://75.85.110.219/home,enphase envoy,21.33555,-158.0582,,,7.65,
194,66.27.194.16,80,http://66.27.194.16/home,enphase envoy,21.39994,-157.79895,,,7.65,
195,141.239.168.75,80,http://141.239.168.75/home,enphase envoy,21.33555,-158.0582,,,7.65,
196,72.130.182.75,80,http://72.130.182.75/home,enphase envoy,21.4504,-158.01503,,,7.65,
197,75.85.155.116,80,http://75.85.155.116/home,enphase envoy,21.2887,-157.8006,,,7.65,
198,98.151.231.107,80,http://98.151.231.107/home,enphase envoy,21.4504,-158.01503,,,7.65,
199,76.172.36.118,80,http://76.172.36.118/home,enphase envoy,21.39734,-157.97516,,,7.65,
200,76.173.192.152,80,http://76.173.192.152/home,enphase envoy,21.39994,-157.79895,,,7.65,
201,98.155.112.161,80,http://98.155.112.161/home,enphase envoy,21.4504,-158.01503,,,7.65,
202,76.173.196.214,80,http://76.173.196.214/home,enphase envoy,21.39994,-157.79895,,,7.65,
203,72.130.148.35,80,http://72.130.148.35/home,enphase envoy,21.2941,-157.8284,,,7.65,
204,72.130.196.224,80,http://72.130.196.224/home,enphase envoy,21.4504,-158.01503,,,7.65,
205,76.173.200.90,80,http://76.173.200.90/home,enphase envoy,21.39994,-157.79895,,,7.65,
206,72.234.235.250,30080,http://72.234.235.250:30080/plant.cgi,Power Electronics FreeSun Data Logger,21.4504,-158.01503,AlohaSun,,0.184,
207,76.172.35.166,80,http://76.172.35.166/,ABB,21.39734,-157.97516,CDD Webserver: hkubota,"98-1321 Hoohonua St; (N21.39566, W157.959722)",5.7,
208,72.234.113.52,80,http://72.234.113.52/,enphase,21.33999,-158.03039,,,220,22
210,,,https://egauge109166.egaug.es/68806/classic.html,egauge,21.3099,-157.858093,Building and AC Loads,modbus server,0,
211,,,https://egauge62939.egaug.es,egauge,21.33555,-158.0582,Element Canopy 1 Building 3,,32.709,
212,,,http://egauge6059.egauge.es,egauge,21.307554,-157.847519,Ike 6059 - Sky Tower,,53.921,
213,,,http://egauge6057.egauge.es,egauge,21.442471,-158.15007,Kuwale Road - Ohana Ola O Kahumana,,19.771,
214,,, http://egauge6056.egauge.es,egauge,21.441807,-158.153107,Building A - Ohana Ola O Kahumana,,50.459,
215,,,http://egauge6055.egauge.es,egauge,21.440275,-158.155579,Gradalis Hall - Kahumana,,14.919,
216,,,http://egauge6052.egauge.es,egauge,21.441971,-158.151596,Building C (U Shape) - Ohana Ola O Kahumana,,14,
217,,,http://egauge6051.egauge.es,egauge,21.44009,-158.155609,Pump Meter - Kahumana,,11.764,
218,,,http://egauge6050.egauge.es,egauge,21.44009,-158.155609,Rectory/Convent - Kahumana,,4.236,
219,,,http://egauge6045.egauge.es,egauge,21.439989,-158.15535,Raphael House - Kahumana,,0,
220,,,http://egauge6044.egauge.es,egauge,21.439705,-158.156693,Pottery/Office - Kahumana,,3.715,
221,,,http://egauge6041.egauge.es,egauge,21.439917,-158.156754,Tobias Hall - Kahumana,,18.3,
222,,,http://egauge793.egauge.es,egauge,21.298126,-157.816528,FROG 2,,0,
223,,,http://egauge791.egauge.es,egauge,21.335852,-157.951752,FROG 1,,0,
224,,,http://egauge7982.egauge.es,egauge,21.64309075,-157.9251714,7982 - Data Center set 1 w/ DC Usage,modbus server,0,
225,,,http://egauge7981.egauge.es,egauge,21.64309075,-157.9251714,07981 - Teachers Education Building,modbus server,0,
226,,,http://egauge7979.egauge.es,egauge,21.64309075,-157.9251714,Hale 4 & 6 w/ Main,modbus server,0,
227,,,http://egauge7978.egauge.es,egauge,21.64309075,-157.9251714,7978 - Hale 8,modbus server,0,
228,,,http://egauge7976.egauge.es,egauge,21.64309075,-157.9251714,7976 - Hale 10 Set 2 Sub panels,modbus server,0,
229,,,http://egauge7975.egauge.es,egauge,21.64309075,-157.9251714,"7975 - Hale 3 & 5 w/ Mains for Hale 3 & 5, FM Office & Cont.",modbus server,0,
230,,,http://egauge7972.egauge.es,egauge,21.64309075,-157.9251714,Hale 7 Set 2,modbus server,0,
231,,,http://egauge7971.egauge.es,egauge,21.640181,-157.923386,7971 - GYM Main,modbus server,0,
232,,,http://egauge7966.egauge.es,egauge,21.64309075,-157.9251714,7966 - ACR Set 1 w/ Main Metering,modbus server,0,
233,,,http://egauge7964.egauge.es,egauge,21.64309075,-157.9251714,7964 - MPB Set 5,modbus server,0,
234,,,http://egauge7963.egauge.es,egauge,21.64309075,-157.9251714,7963 - MPB Set 4,modbus server,0,
235,,,http://egauge7962.egauge.es,egauge,21.64309075,-157.9251714,7962 - MPB Set 3,modbus server,0,
236,,,http://egauge7959.egauge.es,egauge,21.64309075,-157.9251714,"7959 - MPB Set 1 - W/ MCB, MFB & MCKAD",modbus server,0,
237,,,http://egauge7958.egauge.es,egauge,21.64309075,-157.9251714,7958 - GYM 100 set 3,modbus server,0,
239,,,http://egauge7955.egauge.es,egauge,21.64309075,-157.9251714,7955 - Data Center set 3 w/AC Tot,modbus server,0,
240,,,http://egauge7953.egauge.es,egauge,21.64309075,-157.9251714,7953 - Hale 10 Set 1 w/ Main Metering,modbus server,0,
241,,,http://egauge7952.egauge.es,egauge,21.64309075,-157.9251714,7952 - Hale 9 w/ Main,modbus server,0,
242,,,http://egauge7951.egauge.es,egauge,21.64309075,-157.9251714,7951 - Hale 8 w/ Main,modbus server,0,
243,,,http://egauge7950.egauge.es,egauge,21.64309075,-157.9251714,7950 - Hale 7 Set 1 w/ Main,modbus server,0,
244,,,http://egauge7948.egauge.es,egauge,21.64309075,-157.9251714,7948 - CAC Panels set 5,modbus server,0,
245,,,http://egauge7947.egauge.es,egauge,21.64309075,-157.9251714,7947 - CAC Panels set 4,modbus server,0,
246,,,http://egauge7946.egauge.es,egauge,21.64309075,-157.9251714,7946 - HOB Office and Laundry,modbus server,0,
247,,,http://egauge7945.egauge.es,egauge,21.64309075,-157.9251714,7945 - CUB Pumps,modbus server,0,
248,,,http://egauge13569.egauge.es,egauge,21.3094,-157.837,Makiki Holiday,modbus server,30.371,
249,,,http://egauge13862.egaug.es,egauge,21.283108,-157.790222,Abirached Residence - Koko Drive,modbus server,0,
250,,,http://egauge13865.egaug.es,egauge,21.34730285,-157.9003599,eGauge13865 Center,,2.653,
251,,,https://egauge14586.egaug.es,egauge,21.294498,157.847977,eGauge14586 Center,modbus server,9.483,
252,,,https://egauge14652.egaug.es,egauge,21.647,-157.9213,14652 - Hawaiian Journey Theater Service Entrence,modbus server,0,
253,,,,egauge,21.34730285,-157.9003599,Temple Emanuel A-24.75 kDC/22kAC B-10.5kDC/9kAC C-7kDC/6kAC,modbus server,27.419,
254,,,,egauge,21.330883,-157.867554,Damien Memorial School,,102.598,
255,,,,egauge,21.34730285,-157.9003599,7000 Hawaii Kai Bldg B,modbus server,97.618,
256,,,,egauge,21.306452,-157.842896,Pensacola Gardens,,39.65,
258,,,,egauge,21.34730285,-157.9003599,705 S. King st,,28.566,
259,,,,egauge,21.65096035,-158.0515221,59-444 Alapio Downstairs Panel,modbus server,0,
260,,,,egauge,21.3946,-157.7434,St. Anthony Kailua Library,modbus server,47.007,
261,,,,egauge,21.3946,-157.7434,St. Anthony Kailua Church,modbus server,6.096,
262,,,,egauge,21.36153759,-158.0825364,Makakilo Cliffs BLD 12 CAM,modbus server,2.221,
263,,,,egauge,21.3946,-157.7434,St. Anthony Kailua ELC 18790,modbus server,15.224,
264,,,,egauge,21.50698916,-157.8559904,Coral Kingdom 62.25 kW DC / 54 kW AC,modbus server,8.461,
265,,,,egauge,21.34730285,-157.9003599,Interstate Building PV,,61.362,
266,,,,egauge,21.34730285,-157.9003599,Harris United Methodist Church,modbus server,19.73,
267,,,,egauge,21.34730285,-157.9003599,Maryknoll HS,,32.694,
268,,,,egauge,21.65096035,-158.0515221,59-444 Alapio Rd - Upstairs Panel,modbus server,0,
269,,,,egauge,21.37849012,-158.0272553,Kunia Palms Blg F,modbus server,0,
270,,,,egauge,21.444427,-158.147217,Pat's Piggery A,,255.459,
271,,,,egauge,21.4513,-158.0153,St. John Apostle - Church,,28.489,
272,,,,egauge,21.4513,-158.0153,Our Lady of Perpetual Help,,70.849,
273,,,,egauge,21.4513,-158.0153,St. John Apostle - School Bldg.,,12.591,
274,,,,egauge,21.443001,-157.92337,Manheim Hawaii,modbus server,47.659,
275,,,,egauge,21.44508,-158.147186,Pat's Piggery B,,513.484,
276,,,,egauge,21.4513,-158.0153,Vianney – Parish Center,,15.138,
277,,,,egauge,21.4513,-158.0153,Holy Trinity - School/Convent,,15.714,
278,,,,egauge,21.4428,-158.1871,Sacred Hearts Waianae Office,,4.775,
279,,,,egauge,21.4428,-158.1871,Sacred Hearts Waianae - Church,,10.392,
280,,,,egauge,21.4513,-158.0153,Maryknoll Rectory,,9.85,
281,,,,egauge,21.31641,-157.875977,UH Marine Center Ships & Yard 480V,modbus server,0,
282,,,,egauge,21.34730285,-157.9003599,Pacific Health Ministries,modbus server,37.098,
283,,,,egauge,21.281992,-157.806641,949-A egauge43231,modbus server,9.558,
284,,,,egauge,21.281992,-157.806641,949-B egauge43232,modbus server,9.966,
285,,,,egauge,21.31641,-157.875977,UH Marine Center Building 480V,modbus server,129.229,
286,,,,egauge,21.31641,-157.875977,UH Marine Center Building 208V,modbus server,32.677,
287,,,,egauge,21.3686469,-158.0326864,Ho'akalei Country Club,modbus server,0,
288,,,,egauge,21.396709,-157.743561,eGauge47052 Center,modbus server,0,
289,,,,egauge,21.3946,-157.7434,Kapaa Quarry,modbus server,44.576,
290,,,,egauge,21.29812,-157.816589,HIG 319,modbus server,0,
291,,,,egauge,21.34730285,-157.9003599,Kahala Towers B,modbus server,36.814,
293,,,,egauge,21.34730285,-157.9003599,Kupu,modbus server,84.924,
294,,,,egauge,21.3946,-157.7434,Ho'okua'aina,modbus server,0,
295,,,,egauge,21.46073,158.163284,Hawaii FIT Four LLC,modbus server,507.006,
296,,,,egauge,21.30919028,-157.8635967,Harbor Court PNL 30DP,modbus server,0,
297,,,,egauge,21.30919028,-157.8635967,Harbor Court PNL 33DP,modbus server,0,
298,,,,egauge,21.30919028,-157.8635967,Harbor Court PNL 27DP,modbus server,0,
299,,,,egauge,21.30919028,-157.8635967,Harbor Court PNL 24DP,modbus server,0,
300,,,,egauge,21.30919028,-157.8635967,Harbor Court PNL 18DP,modbus server,0,
301,,,,egauge,21.30919028,-157.8635967,Harbor Court PNL 15DP,modbus server,0,
302,,,,egauge,21.30919028,-157.8635967,Harbor Court PNL 21DP,modbus server,0,
303,,,,egauge,21.31500702,-157.8565466,Queen Emma Panel K1A,modbus server,0,
304,,,,egauge,21.31500702,-157.8565466,Queen Emma Panel P6A,modbus server,0,
305,,,,egauge,21.31500702,-157.8565466,Queen Emma Panel P4B,modbus server,0,
306,,,,egauge,21.31500702,-157.8565466,Queen Emma Panel K18A,modbus server,0,
307,,,,egauge,21.31500702,-157.8565466,Queen Emma Panel K6B,modbus server,0,
308,,,,egauge,21.31500702,-157.8565466,Queen Emma Panel K6A,modbus server,0,
309,,,,egauge,21.31500702,-157.8565466,Queen Emma Panel K20A,modbus server,0,
310,,,,egauge,21.31500702,-157.8565466,Queen Emma Panel K21B,modbus server,0,
311,,,,egauge,21.31500702,-157.8565466,Queen Emma Panel K15B,modbus server,0,
312,,,,egauge,21.31500702,-157.8565466,Queen Emma Panel P2A,modbus server,0,
313,,,,egauge,21.31500702,-157.8565466,Queen Emma Panel K4A,modbus server,0,
314,,,,egauge,21.31500702,-157.8565466,Queen Emma Panel P9B,modbus server,0,
315,,,,egauge,21.31500702,-157.8565466,Queen Emma Panel K8B,modbus server,0,
316,,,,egauge,21.31500702,-157.8565466,Queen Emma Panel K1B,modbus server,0,
317,,,,egauge,21.31500702,-157.8565466,Queen Emma Panel K23A,modbus server,0,
318,,,,egauge,21.31500702,-157.8565466,Queen Emma Panel K11A,modbus server,0,
319,,,,egauge,21.31500702,-157.8565466,Queen Emma Panel K9A,modbus server,0,
320,,,,egauge,21.31500702,-157.8565466,Queen Emma Panel P1B,modbus server,0,
321,,,,egauge,21.31500702,-157.8565466,Queen Emma Panel K20B,modbus server,0,
322,,,,egauge,21.31500702,-157.8565466,Queen Emma Panel K16A,modbus server,0,
323,,,,egauge,21.31500702,-157.8565466,Queen Emma Panel K17A,modbus server,0,
324,,,,egauge,21.31500702,-157.8565466,Queen Emma Panel K19B,modbus server,0,
325,,,,egauge,21.31500702,-157.8565466,Queen Emma Panel K22A,modbus server,0,
326,,,,egauge,21.31500702,-157.8565466,Queen Emma Panel K19A,modbus server,0,
327,,,,egauge,21.31500702,-157.8565466,Queen Emma Panel K21A,modbus server,0,
328,,,,egauge,21.31500702,-157.8565466,Queen Emma Panel Q1A,modbus server,0,
329,,,,egauge,21.31500702,-157.8565466,Queen Emma Panel K8A,modbus server,0,
330,,,,egauge,21.31500702,-157.8565466,Queen Emma Panel K2A,modbus server,0,
331,,,,egauge,21.31500702,-157.8565466,Queen Emma Panel K4B,modbus server,0,
332,,,,egauge,21.34730285,-157.9003599,MidPac Maintenance BLDG,modbus server,22.188,
333,,,,egauge,21.34730285,-157.9003599,MidPac Management BLDG,modbus server,16.394,
334,,,,egauge,21.46073,-158.163284,FIT 1 Twelker,modbus server,501.496,
335,,,,egauge,21.46073,-158.163284,FIT 2 Arthurs,modbus server,385.136,
336,,,,egauge,21.4513,-158.0153,Mililani Tech Park Community Solar,modbus server,0,
337,,,,egauge,21.46073,-158.163284,FIT 3 Phan,modbus server,484.608,
338,,,,egauge,21.46073,-158.163284,FIT 4 Olsen,modbus server,502.716,
339,,,,egauge,21.31500702,-157.8565466,Queen Emma Panel K11B,modbus server,0,
340,,,,egauge,21.4428,-158.1871,Onaga Waianae,modbus server,503.577,
341,,,,egauge,21.29056713,-157.7057827,Kalele Kai,modbus server,0,
342,,,,egauge,21.27438086,-157.8205401,Waikiki Sunset Floor 38,modbus server,0,
343,,,,egauge,21.27438086,-157.8205401,Waikiki Sunset Floor 37,modbus server,0,
344,,,,egauge,21.30539087,-157.8520095,CSWO Beretania - PV Production,modbus server,172.25,
345,,,,egauge,21.40671609,-157.9770093,Waihona Hill,modbus server,197.572,
346,,,,egauge,21.42889334,-158.0014258,Pacific Historic Parks,modbus server,0,
347,,,,egauge,21.29028626,-157.8287124,Ala Wai Plaza,modbus server,0,
348,,,,egauge,21.70267309,-157.9949079,Kawela CBRE,modbus server,249.92,
349,,,,egauge,21.319574,-157.872986,Hawaiian Host - PV,modbus server,106.227,
350,,,,egauge,21.32391842,-157.861229,ALOHA UNITED WAY,modbus server,80.143,
351,,,,egauge,21.34730285,-157.9003599,Moanalua HS M#560541,modbus server,0,
352,,,,egauge,21.34730285,-157.9003599,Campbell HS 1 M#617181,modbus server,0,
353,,,,egauge,21.34730285,-157.9003599,Radford HS M#682874,modbus server,0,
354,,,,egauge,21.34730285,-157.9003599,Waipahu HS M##974176,modbus server,0,
355,,,,egauge,21.34730285,-157.9003599,Dynasty Tower - Salt Lake - eGauge92945,modbus server,28.83,
356,,,,egauge,21.34730285,-157.9003599,Pohulani Submeter A,modbus server,0,
357,,,,egauge,21.34730285,-157.9003599,Pohulani Submeter B,modbus server,0,
359,,,,egauge,21.34730285,-157.9003599,Mt Terrace,modbus server,182.456,
360,,,,egauge,21.3094,-157.837,Makiki Panel A,modbus server,0,
361,,,,egauge,21.3094,-157.837,Makiki Panel B,modbus server,0,
362,,,,egauge,21.34730285,-157.9003599,Panel C,modbus server,0,
363,,,,egauge,21.3094,-157.837,Makiki Panel B Bkr 31 to 42,modbus server,0,
364,,,,egauge,21.3094,-157.837,Makiki - Panel A,modbus server,0,
365,,,,egauge,21.34730285,-157.9003599,Iolani - Lower Gym,modbus server,125.292,
366,,,,egauge,21.32299,158.096252,eGauge102489 Center,modbus server,0,
367,,,,egauge,21.4029,-157.7996,Windward Shopping Kaneohe Hi,modbus server,251.25,
368,,,,egauge,21.30323,-157.832581,Wilder Vista,modbus server,0,
369,,,,egauge,21.202391,157.424652,Tasaka Residence,modbus server,0,
370,,,,egauge,21.265751,-157.783905,eGauge32395 Center,,0,
371,,,,egauge,21.522341,-158.072037,Villa Rose Phase 1 BESS,modbus server,0,
372,,,,egauge,21.478243,-157.993362,Meheula Vista 4 SunChillers Subpanel B,modbus server,0,
373,,,,egauge,21.478243,-157.993362,Meheula Vista 4 eGauge,modbus server,0,
374,,,,egauge,21.30617,-157.811523,eGauge58898 Center,modbus server,0,
375,,,,egauge,21.413317,-158.150085,Phan Paakea,modbus server,254.738,
376,,,,egauge,21.41188,-157.971436,Waihona Mix,modbus server,99.961,
377,,,,egauge,21.345303,-157.908569,Fairway Gardens,,95.985,
378,,,,egauge,21.348351,-157.902603,Y Hata Sand Island Warehouse,modbus server,527.577,
379,,,,egauge,21.348499,-157.958298,Lakecrest AOAO,,34.168,
380,,,,egauge,21.39641,-157.743286,407 Uluniu: 2nd Fl. (3 of 7),modbus server,0,
381,,,,egauge,21.39641,-157.743286,407 Uluniu: 1st Fl. (1 of 7),modbus server,0,
382,,,,egauge,21.39641,-157.743286,407 Uluniu: 3rd Fl. (5 of 7),modbus server,0,
383,,,,egauge,21.39641,-157.743286,407 Uluniu: 1st Fl. (2 of 7),modbus server,0,
384,,,,egauge,21.39641,-157.743286,407 Uluniu: 2nd Fl. (4 of 7),modbus server,0,
385,,,,egauge,21.39699,-157.743103,354 Uluniu: 4th Fl. (5 of 6),modbus server,0,
386,,,,egauge,21.39699,-157.743103,354 Uluniu: 3rd Fl. (3 of 6),modbus server,0,
387,,,,egauge,21.39699,-157.743103,354 Uluniu: 3rd Fl. (4 of 6),modbus server,0,
388,,,,egauge,21.334681,-157.912964,eGauge27563 Center,,50.991,
389,,,,egauge,21.330727,-157.88382,Sturz House,modbus server,0,
390,,,,egauge,21.309988,-157.825043,Henk's Tantalus House,modbus server,0.011,
391,,,,egauge,21.31641,-157.875977,UH Marine Center Ships & Yard 240V,modbus server,0,
392,,,,egauge,21.304018,-157.832764,1704 Poki Street 2nd Story,,10.62,
393,,,,egauge,21.299999,-157.800003,Condensing Unit 2 - Dock Area,modbus server,0,
394,,,,egauge,21.287817,-157.808029,KOKUA CARE,modbus server,0,
395,,,,egauge,21.29047,-157.818253,Humane Society - Veterinary Hospital,modbus server,0,
396,,,,egauge,21.29047,-157.818253,Humane Society - Admissions,,38.249,
397,,,,egauge,21.28298,-157.80191,Isoshima Building,modbus server,117.059,
398,,,,egauge,21.265751,-157.783905,eGauge32395 Center,,0,
399,,,,egauge,21.277985,-157.82196,Ainahau Vista 1 SunChillers,modbus server,385.493,
400,,,,egauge,21.34730285,-157.9003599,DPAA,modbus server,250.616,
401,,,,egauge,21.57604004,-158.1109399,66-929 Alena Loop WAIALUA,modbus server,19.971,
402,,,,egauge,21.34730285,-157.9003599,1019 Punahou SOLAR,modbus server,0,
403,,,,egauge,21.34730285,-157.9003599,1019 Punahou Str,modbus server,7.737,
404,,,,egauge,21.34730285,-157.9003599,2382A Aina Lani Way,modbus server,0,
405,,,,egauge,21.299999,-157.800003,Condensing Unit 1 Prep Rooms,modbus server,0,
406,,,,egauge,21.34730285,-157.9003599,Island Colony: 32A e73932,modbus server,0,
407,,,,egauge,21.39699,-157.743103,354 Uluniu: 4th Fl. (6 of 6),modbus server,94.576,
408,,,,egauge,21.34730285,-157.9003599,WAIALAE PLACE,modbus server,0,
409,,,,egauge,21.4428,-158.1871,Waianae High School 2 - M#560475,modbus server,0,
410,,,,egauge,21.4428,-158.1871,Waianae HS 1 - M#560478,modbus server,0,
411,,,,egauge,21.4428,-158.1871,Waianae Mall - City Mill,modbus server,99.894,
412,,,,egauge,21.4428,-158.1871,Waianae Mall - Planet Fitness,modbus server,0,
413,,,,egauge,21.27438086,-157.8205401,Waikiki Sunset Floor 10,modbus server,0,
414,,,,egauge,21.27438086,-157.8205401,Waikiki Sunset Floor 11,modbus server,0,
415,,,,egauge,21.27438086,-157.8205401,Waikiki Sunset Floor 12,modbus server,0,
416,,,,egauge,21.27438086,-157.8205401,Waikiki Sunset Floor 14,modbus server,0,
417,,,,egauge,21.27438086,-157.8205401,Waikiki Sunset Floor 15,modbus server,0,
418,,,,egauge,21.27438086,-157.8205401,Waikiki Sunset Floor 16,modbus server,0,
419,,,,egauge,21.27438086,-157.8205401,Waikiki Sunset Floor 17,modbus server,0,
420,,,,egauge,21.27438086,-157.8205401,Waikiki Sunset Floor 18,modbus server,0,
421,,,,egauge,21.27438086,-157.8205401,Waikiki Sunset Floor 19,modbus server,0,
422,,,,egauge,21.27438086,-157.8205401,Waikiki Sunset Floor 20,modbus server,0,
423,,,,egauge,21.27438086,-157.8205401,Waikiki Sunset Floor 21,modbus server,0,
424,,,,egauge,21.27438086,-157.8205401,Waikiki Sunset Floor 22,modbus server,0,
425,,,,egauge,21.27438086,-157.8205401,Waikiki Sunset Floor 23,modbus server,0,
426,,,,egauge,21.27438086,-157.8205401,Waikiki Sunset Floor 24,modbus server,0,
427,,,,egauge,21.27438086,-157.8205401,Waikiki Sunset Floor 25,modbus server,0,
428,,,,egauge,21.27438086,-157.8205401,Waikiki Sunset Floor 26,modbus server,0,
429,,,,egauge,21.27438086,-157.8205401,Waikiki Sunset Floor 27,modbus server,0,
430,,,,egauge,21.27438086,-157.8205401,Waikiki Sunset Floor 28,modbus server,0,
431,,,,egauge,21.27438086,-157.8205401,Waikiki Sunset Floor 29,modbus server,0,
432,,,,egauge,21.27438086,-157.8205401,Waikiki Sunset Floor 30,modbus server,0,
433,,,,egauge,21.27438086,-157.8205401,Waikiki Sunset Floor 31,modbus server,0,
434,,,,egauge,21.27438086,-157.8205401,Waikiki Sunset Floor 32,modbus server,0,
435,,,,egauge,21.27438086,-157.8205401,Waikiki Sunset Floor 33,modbus server,0,
436,,,,egauge,21.27438086,-157.8205401,Waikiki Sunset Floor 34,modbus server,0,
437,,,,egauge,21.27438086,-157.8205401,Waikiki Sunset Floor 35,modbus server,0,
438,,,,egauge,21.27438086,-157.8205401,Waikiki Sunset Floor 36,modbus server,0,
439,,,,egauge,21.27438086,-157.8205401,Waikiki Sunset Floor 6,modbus server,0,
440,,,,egauge,21.27438086,-157.8205401,Waikiki Sunset Floor 7,modbus server,0,
441,,,,egauge,21.27438086,-157.8205401,Waikiki Sunset Floor 8,modbus server,0,
442,,,,egauge,21.27438086,-157.8205401,Waikiki Sunset Floor 9,modbus server,63.193,
443,,,,egauge,21.38743949,-157.9501083,Waimalu Shopping Center NEM 6-9,modbus server,74.629,
444,,,,egauge,21.37849012,-158.0272553,Waipahu Commercial Center PV Production,modbus server,93.957,
445,,,,egauge,21.3686469,-158.0326864,Ho Farms - Ewa Beach Warehouse,modbus server,114.494,
446,,,,egauge,21.30919028,-157.8635967,Star of Honolulu,modbus server,100.061,
447,,,,egauge,21.4513,-158.0153,Mililani Park Plaza,modbus server,244.666,
448,,,,egauge,21.3946,-157.7434,Tokyo Central - Kailua,modbus server,205.792,
449,,,,egauge,21.4029,-157.7996,Kaneohe Bay MCBH B7221-7227,modbus server,320.32,
450,,,,egauge,21.4029,-157.7996,Kaneohe Bay MCBH Building 7220,modbus server,248.867,
451,,,,egauge,21.4029,-157.7996,Kaneohe MCBH Building 6822,modbus server,220.571,
452,,,,egauge,21.3337,-158.0824,Kapolei Commons - Inspiration side,modbus server,272.993,
453,,,,egauge,21.3337,-158.0824,Kapolei Commons - Petco side,modbus server,182.834,
454,,,,egauge,21.34730285,-157.9003599,Kahala Towers A,modbus server,30.25,
455,,,,egauge,21.3337,-158.0824,BLDG B Kapolei Parkway Lot 7,modbus server,0,
456,,,,egauge,21.31500702,-157.8565466,Queen Emma Panel P4A,modbus server,0,
457,,,,egauge,21.31500702,-157.8565466,Queen Emma Panel P12D,modbus server,0,
458,,,,egauge,21.31500702,-157.8565466,Queen Emma Panel K12A,modbus server,0,
459,,,,egauge,21.31500702,-157.8565466,Queen Emma Panel P8B,modbus server,0,
460,,,,egauge,21.31500702,-157.8565466,Queen Emma Panel P3D,modbus server,0,
461,,,,egauge,21.31500702,-157.8565466,Queen Emma Panel P10B,modbus server,0,
462,,,,egauge,21.31500702,-157.8565466,Queen Emma Panel Q23A,modbus server,0,
463,,,,egauge,21.31500702,-157.8565466,Queen Emma Panel Q22B,modbus server,0,
464,,,,egauge,21.31500702,-157.8565466,Queen Emma Panel P11D,modbus server,0,
465,,,,egauge,21.31500702,-157.8565466,Queen Emma Panel K5B,modbus server,0,
466,,,,egauge,21.31500702,-157.8565466,Queen Emma Panel P8A,modbus server,0,
467,,,,egauge,21.31500702,-157.8565466,Queen Emma Panel P11E,modbus server,0,
468,,,,egauge,21.31500702,-157.8565466,Queen Emma Panel P11C,modbus server,0,
469,,,,egauge,21.31500702,-157.8565466,Queen Emma Panel K9B,modbus server,0,
470,,,,egauge,21.31500702,-157.8565466,Queen Emma Panel P4E,modbus server,0,
471,,,,egauge,21.31500702,-157.8565466,Queen Emma Panel K7A,modbus server,0,
472,,,,egauge,21.31500702,-157.8565466,Queen Emma Panel Q18A,modbus server,0,
473,,,,egauge,21.31500702,-157.8565466,Queen Emma Panel Q5A,modbus server,0,
474,,,,egauge,21.31500702,-157.8565466,Queen Emma Panel Q4A,modbus server,0,
475,,,,egauge,21.31500702,-157.8565466,Queen Emma Panel P2B,modbus server,0,
476,,,,egauge,21.31500702,-157.8565466,Queen Emma Panel Q8B,modbus server,0,
477,,,,egauge,21.31500702,-157.8565466,Queen Emma Panel P5D,modbus server,0,
478,,,,egauge,21.31500702,-157.8565466,Queen Emma Panel P3B,modbus server,0,
479,,,,egauge,21.31500702,-157.8565466,Queen Emma Panel P2C,modbus server,0,
480,,,,egauge,21.31500702,-157.8565466,Queen Emma Panel K16B,modbus server,0,
481,,,,egauge,21.31500702,-157.8565466,Queen Emma Panel Q3B,modbus server,0,
482,,,,egauge,21.31500702,-157.8565466,Queen Emma Panel P2E,modbus server,0,
483,,,,egauge,21.31500702,-157.8565466,Queen Emma Panel P5C,modbus server,0,
484,,,,egauge,21.31500702,-157.8565466,Queen Emma Panel P6D,modbus server,0,
485,,,,egauge,21.31500702,-157.8565466,Queen Emma Panel P7D,modbus server,0,
486,,,,egauge,21.31500702,-157.8565466,Queen Emma Panel K14B,modbus server,0,
487,,,,egauge,21.31500702,-157.8565466,Queen Emma Panel P1C,modbus server,0,
488,,,,egauge,21.31500702,-157.8565466,Queen Emma Panel K23B,modbus server,0,
489,,,,egauge,21.31500702,-157.8565466,Queen Emma Panel Q10B,modbus server,0,
490,,,,egauge,21.31500702,-157.8565466,Queen Emma Panel P10A,modbus server,0,
491,,,,egauge,21.31500702,-157.8565466,Queen Emma Panel K7B,modbus server,0,
492,,,,egauge,21.31500702,-157.8565466,Queen Emma Panel Q9A,modbus server,0,
493,,,,egauge,21.31500702,-157.8565466,Queen Emma Panel Q6A,modbus server,0,
494,,,,egauge,21.31500702,-157.8565466,Queen Emma Panel K2B,modbus server,0,
495,,,,egauge,21.31500702,-157.8565466,Queen Emma Panel Q4B,modbus server,0,
496,,,,egauge,21.31500702,-157.8565466,Queen Emma Panel P10E,modbus server,0,
497,,,,egauge,21.31500702,-157.8565466,Queen Emma Panel K5A,modbus server,0,
498,,,,egauge,21.31500702,-157.8565466,Queen Emma Panel Q6B,modbus server,0,
499,,,,egauge,21.31500702,-157.8565466,Queen Emma Panel P10D,modbus server,0,
500,,,,egauge,21.31500702,-157.8565466,Queen Emma Panel P1D,modbus server,0,
501,,,,egauge,21.31500702,-157.8565466,Queen Emma Panel Q7B,modbus server,0,
502,,,,egauge,21.31500702,-157.8565466,Queen Emma Panel Q3A,modbus server,0,
503,,,,egauge,21.31500702,-157.8565466,Queen Emma Panel Q18B,modbus server,0,
504,,,,egauge,21.31500702,-157.8565466,Queen Emma Panel Q16B,modbus server,0,
505,,,,egauge,21.31500702,-157.8565466,Queen Emma Panel P9C,modbus server,0,
506,,,,egauge,21.31500702,-157.8565466,Queen Emma Panel P8D,modbus server,0,
507,,,,egauge,21.31500702,-157.8565466,Queen Emma Panel P12A,modbus server,0,
508,,,,egauge,21.31500702,-157.8565466,Queen Emma Panel P4D,modbus server,0,
509,,,,egauge,21.31500702,-157.8565466,Queen Emma Panel P3E,modbus server,0,
510,,,,egauge,21.31500702,-157.8565466,Queen Emma Panel P1E,modbus server,0,
511,,,,egauge,21.31500702,-157.8565466,Queen Emma Panel Q20B,modbus server,0,
512,,,,egauge,21.31500702,-157.8565466,Queen Emma Panel K3B,modbus server,0,
513,,,,egauge,21.31500702,-157.8565466,Queen Emma Panel K3A,modbus server,0,
514,,,,egauge,21.31500702,-157.8565466,Queen Emma Panel Q14B,modbus server,0,
515,,,,egauge,21.31500702,-157.8565466,Queen Emma Panel Q21B,modbus server,0,
516,,,,egauge,21.31500702,-157.8565466,Queen Emma Panel Q2B,modbus server,0,
517,,,,egauge,21.31500702,-157.8565466,Queen Emma Panel Q21A,modbus server,0,
518,,,,egauge,21.31500702,-157.8565466,Queen Emma Panel Q20A,modbus server,0,
519,,,,egauge,21.31500702,-157.8565466,Queen Emma Panel P8C,modbus server,0,
520,,,,egauge,21.31500702,-157.8565466,Queen Emma Panel Q12B,modbus server,0,
521,,,,egauge,21.31500702,-157.8565466,Queen Emma Panel P12E,modbus server,0,
522,,,,egauge,21.31500702,-157.8565466,Queen Emma Panel P12C,modbus server,0,
523,,,,egauge,21.31500702,-157.8565466,Queen Emma Panel P9E,modbus server,0,
524,,,,egauge,21.31500702,-157.8565466,Queen Emma Panel K17B,modbus server,0,
525,,,,egauge,21.31500702,-157.8565466,Queen Emma Panel P6B,modbus server,0,
526,,,,egauge,21.31500702,-157.8565466,Queen Emma Panel Q17B,modbus server,0,
527,,,,egauge,21.31500702,-157.8565466,Queen Emma Panel K12B,modbus server,0,
528,,,,egauge,21.31500702,-157.8565466,Queen Emma Panel Q19B,modbus server,0,
529,,,,egauge,21.31500702,-157.8565466,Queen Emma Panel Q15A,modbus server,0,
530,,,,egauge,21.31500702,-157.8565466,Queen Emma Panel K10A,modbus server,0,
531,,,,egauge,21.31500702,-157.8565466,Queen Emma Panel Q5B,modbus server,0,
532,,,,egauge,21.31500702,-157.8565466,Queen Emma Panel Q17A,modbus server,0,
533,,,,egauge,21.31500702,-157.8565466,Queen Emma Panel P10C,modbus server,0,
534,,,,egauge,21.31500702,-157.8565466,Queen Emma Panel P5A,modbus server,0,
535,,,,egauge,21.31500702,-157.8565466,Queen Emma Panel Q12A,modbus server,0,
536,,,,egauge,21.31500702,-157.8565466,Queen Emma Panel P6E,modbus server,0,
537,,,,egauge,21.31500702,-157.8565466,Queen Emma Panel Q11B,modbus server,0,
538,,,,egauge,21.31500702,-157.8565466,Queen Emma Panel P7E,modbus server,0,
539,,,,egauge,21.31500702,-157.8565466,Queen Emma Panel P6C,modbus server,0,
540,,,,egauge,21.31500702,-157.8565466,Queen Emma Panel P4C,modbus server,0,
541,,,,egauge,21.31500702,-157.8565466,Queen Emma Panel P5E,modbus server,0,
542,,,,egauge,21.31500702,-157.8565466,Queen Emma Panel Q11A,modbus server,0,
543,,,,egauge,21.31500702,-157.8565466,Queen Emma Panel P11A,modbus server,0,
544,,,,egauge,21.31500702,-157.8565466,Queen Emma Panel Q15B,modbus server,0,
545,,,,egauge,21.31500702,-157.8565466,Queen Emma Panel P9D,modbus server,0,
546,,,,egauge,21.31500702,-157.8565466,Queen Emma Panel K10B,modbus server,0,
547,,,,egauge,21.31500702,-157.8565466,Queen Emma Panel Q2A,modbus server,0,
548,,,,egauge,21.31500702,-157.8565466,Queen Emma Panel P5B,modbus server,0,
549,,,,egauge,21.31500702,-157.8565466,Queen Emma Panel P7C,modbus server,0,
550,,,,egauge,21.31500702,-157.8565466,Queen Emma Panel K14A,modbus server,0,
551,,,,egauge,21.31500702,-157.8565466,Queen Emma Panel P3C,modbus server,0,
552,,,,egauge,21.31500702,-157.8565466,Queen Emma Panel Q19A,modbus server,0,
553,,,,egauge,21.31500702,-157.8565466,Queen Emma Panel Q16A,modbus server,0,
554,,,,egauge,21.31500702,-157.8565466,Queen Emma Panel Q9B,modbus server,0,
555,,,,egauge,21.31500702,-157.8565466,Queen Emma Panel P11B,modbus server,0,
556,,,,egauge,21.31500702,-157.8565466,Queen Emma Panel P7B,modbus server,0,
557,,,,egauge,21.31500702,-157.8565466,Queen Emma Panel Q7A,modbus server,0,
558,,,,egauge,21.31500702,-157.8565466,Queen Emma Panel P7A,modbus server,0,
559,,,,egauge,21.31500702,-157.8565466,Queen Emma Panel P9A,modbus server,0,
560,,,,egauge,21.31500702,-157.8565466,Queen Emma Panel K18B,modbus server,0,
561,,,,egauge,21.31500702,-157.8565466,Queen Emma Panel Q8A,modbus server,0,
562,,,,egauge,21.31500702,-157.8565466,Queen Emma Panel Q1B,modbus server,0,
563,,,,egauge,21.31500702,-157.8565466,Queen Emma Panel K22B,modbus server,0,
564,,,,egauge,21.31500702,-157.8565466,Queen Emma Panel Q14A,modbus server,0,
565,,,,egauge,21.31500702,-157.8565466,Queen Emma Panel P8E,modbus server,0,
566,,,,egauge,21.31500702,-157.8565466,Queen Emma Panel P2D,modbus server,0,
567,,,,egauge,21.31500702,-157.8565466,Queen Emma Panel Q23B,modbus server,0,
568,,,,egauge,21.31500702,-157.8565466,Queen Emma Panel K15A,modbus server,0,
569,,,,egauge,21.31500702,-157.8565466,Queen Emma Panel P3A,modbus server,0,
570,,,,egauge,21.31500702,-157.8565466,Queen Emma Panel Q22A,modbus server,0,
571,,,,egauge,21.31500702,-157.8565466,Queen Emma Panel Q10A,modbus server,0,
